word,frequency
the,5846
and,5036
to,3175
of,3058
you,1906
i,1869
he,1822
a,1812
in,1619
for,1294
his,1277
as,1189
with,1134
it,1122
that,1115
him,1059
was,947
they,928
me,904
my,854
on,850
had,839
all,822
but,808
is,782
have,769
them,759
will,709
not,689
so,665
when,641
her,636
your,636
she,598
who,594
ulysses,580
this,574
then,558
are,556
from,550
one,523
we,522
at,520
by,485
be,483
their,479
said,478
were,472
house,391
about,390
or,388
there,387
do,377
no,347
out,346
which,333
man,331
would,324
up,319
men,318
us,307
if,305
has,303
went,301
what,280
now,277
come,276
go,273
own,272
son,268
did,263
some,261
telemachus,259
tell,259
upon,258
into,257
been,255
can,243
father,242
may,242
home,234
suitors,233
over,230
ship,229
here,218
any,214
see,210
came,209
should,209
shall,207
let,206
down,206
an,201
much,200
am,198
made,198
our,197
could,196
take,195
good,195
back,194
off,188
took,186
jove,185
sea,184
other,182
while,180
people,179
great,179
where,179
gods,174
got,173
way,172
heaven,168
make,167
still,161
again,160
like,160
how,157
after,157
set,155
till,155
answered,153
nor,152
very,151
more,149
old,148
minerva,148
before,148
get,145
long,145
these,143
such,142
hands,142
among,142
away,139
also,138
even,137
both,131
round,130
know,129
give,128
day,128
thus,128
many,127
saw,126
though,125
put,124
once,123
left,122
never,121
another,121
time,119
two,119
therefore,118
against,115
every,113
must,112
wine,111
first,111
brought,109
than,109
water,109
say,108
told,107
might,107
country,105
penelope,104
gave,101
without,101
hand,100
through,100
mother,100
soon,99
yet,99
heard,98
going,97
himself,96
only,93
end,93
too,92
whether,92
ithaca,91
stranger,90
wife,90
spoke,88
head,88
land,87
well,87
those,87
however,87
others,86
return,85
side,85
place,85
nothing,85
began,84
myself,84
town,83
find,83
best,82
daughter,82
god,82
saying,81
bed,81
each,80
king,80
young,78
killed,78
women,78
sent,77
heart,76
ever,76
room,76
done,76
far,76
gone,75
night,75
yourself,75
dead,75
under,74
wind,73
whole,73
ground,73
mind,73
near,73
city,72
most,72
sleep,72
hold,71
eumaeus,71
cannot,71
want,70
matter,70
whom,70
things,69
bring,69
better,69
fell,69
keep,69
ships,69
full,68
having,68
death,68
troy,68
woman,68
sheep,66
think,66
just,66
servants,65
lay,64
eyes,64
being,63
drink,63
speak,63
enough,63
island,63
menelaus,63
reached,63
laid,63
right,62
husband,62
bow,62
alcinous,62
leave,61
achaeans,61
sat,60
live,60
look,60
given,60
sons,60
send,59
poor,59
eat,59
antinous,58
swineherd,58
seat,58
morning,57
hear,57
neptune,56
dear,56
sun,56
whereon,55
towards,55
else,55
stay,55
friends,55
either,55
found,54
fire,54
feet,54
board,53
themselves,53
goddess,53
fair,52
inside,52
fast,52
stood,52
always,51
gold,51
servant,51
close,51
ask,50
kind,50
master,49
work,49
together,49
days,49
name,49
kept,48
indeed,48
everything,48
child,47
maids,47
threw,47
court,47
something,47
rest,46
replied,46
face,46
looking,46
neither,46
kill,45
laertes,45
clothes,45
presently,45
dinner,45
world,44
behind,44
same,44
last,43
circe,43
drew,43
sit,43
getting,43
life,42
cloak,42
comes,42
help,42
presents,42
crew,42
blood,42
fine,42
words,42
door,41
spear,41
cave,41
show,41
coming,41
longer,41
turn,41
quite,40
making,40
hard,40
cut,40
shore,40
lying,40
friend,39
angry,39
its,39
does,39
taken,39
trouble,39
along,39
cloister,39
pylos,39
called,39
wish,38
alone,38
knew,38
twelve,38
used,38
whose,38
meat,38
seen,38
further,38
thought,38
alive,38
nestor,38
because,38
within,37
agamemnon,37
lost,37
bad,37
sail,37
fellow,37
moment,37
sir,37
why,37
raised,36
anything,36
bread,36
strong,36
meanwhile,36
three,36
sword,36
phaeacians,35
high,35
hope,35
care,35
held,35
talk,35
thing,35
already,35
present,35
light,35
supper,34
doing,34
ready,34
voyage,34
calypso,34
fear,34
moreover,33
pigs,33
immortal,33
brave,33
armour,33
euryclea,33
lie,33
excellent,33
stand,33
shirt,33
silver,32
wash,32
tears,32
noble,32
eating,32
able,32
nevertheless,32
top,32
reach,32
goats,32
straight,31
true,31
caught,31
herself,31
dawn,31
filled,31
little,31
story,31
listen,30
marry,30
apollo,30
bound,30
between,30
children,30
hades,30
outside,30
carried,30
golden,29
sure,29
wicked,29
years,29
try,29
thick,29
cattle,29
stayed,29
clean,29
body,29
taking,29
mercury,29
covered,29
fighting,29
cried,29
turned,28
waves,28
year,28
outer,28
eurymachus,28
wept,28
sorrow,28
property,28
earth,28
horses,28
glad,28
weeping,28
course,27
dark,27
large,27
river,27
led,27
gathered,27
places,27
word,27
fight,27
front,27
chief,27
sitting,27
table,27
beautiful,26
guest,26
rocks,26
evil,26
foot,26
arms,26
call,26
string,26
rock,26
washed,26
wanted,26
queen,26
bard,26
flew,26
looked,26
aegisthus,25
since,25
person,25
truth,25
sacrifice,25
shoulders,25
giving,25
hide,25
estate,25
spite,25
escape,25
bronze,25
winds,25
,24
ghost,24
trying,24
lives,24
appeared,24
die,24
wait,24
killing,24
twenty,24
part,24
mountain,24
point,24
seats,24
talking,24
mischief,24
store,24
leaving,24
book,24
sailed,23
open,23
bade,23
stone,23
nurse,23
knees,23
surely,23
strength,23
drove,23
struck,23
assembly,23
nine,23
grant,23
seeing,23
pisistratus,23
itself,23
bear,23
ghosts,23
prayed,23
pray,23
doors,22
asked,22
makes,22
pieces,22
melanthius,22
iron,22
means,22
poured,22
comrades,22
helen,22
run,22
deep,22
news,22
happened,22
harbour,22
spears,22
wall,22
drive,21
mast,21
manner,21
ill,21
bore,21
due,21
draw,21
answer,21
mean,21
offered,21
blessed,21
raft,21
none,21
harm,21
cup,21
sing,21
bones,21
beside,21
followed,21
rose,21
beauty,20
rich,20
o,20
meal,20
number,20
sight,20
sails,20
phaecians,20
born,20
throw,20
darkness,20
piece,20
save,20
suffered,20
rosyfingered,20
sound,20
middle,20
vulcan,20
argives,20
cloisters,20
rather,20
hit,20
peace,20
arrow,19
offer,19
returned,19
crying,19
safe,19
dogs,19
absence,19
during,19
revenge,19
lies,19
fly,19
maid,19
built,19
mentor,19
fat,19
sweet,19
four,18
mouth,18
west,18
cyclops,18
case,18
mighty,18
argos,18
above,18
trojans,18
voice,18
family,18
whatever,18
singing,18
single,18
destruction,18
shed,18
force,18
met,18
guests,18
seem,18
deal,18
living,18
break,18
fetch,18
barley,18
heifer,18
distress,18
question,18
afraid,18
bringing,17
honour,17
perished,17
boar,17
cunning,17
age,17
become,17
tomorrow,17
truly,17
oxen,17
trees,17
times,17
achilles,17
cruel,17
suppose,17
form,17
neck,17
arrows,17
girl,17
carry,17
escort,17
mixed,17
public,17
unhappy,17
ran,17
mortal,17
chariot,17
upstairs,17
fallen,17
waiting,17
oars,17
bitterly,17
married,17
safely,17
exclaimed,16
love,16
rags,16
marriage,16
drunk,16
drinkofferings,16
strangers,16
converse,16
half,16
thinking,16
broke,16
heavy,16
clear,16
lived,16
mistress,16
skin,16
mankind,16
threshold,16
black,16
oil,16
sprang,16
fill,16
throughout,16
understand,16
forward,16
teiresias,16
atreus,16
hearts,16
oceanus,16
paying,16
worse,16
ten,16
passed,16
questions,16
demodocus,16
groaning,15
certain,15
really,15
cry,15
parents,15
remember,15
eaten,15
vessel,15
praying,15
need,15
sorry,15
mars,15
eye,15
foreign,15
bid,15
waters,15
drinkoffering,15
madam,15
plain,15
hair,15
meats,15
tramp,15
free,15
hung,15
goes,15
oath,15
wood,15
begging,15
hardly,15
six,15
feast,15
regards,15
pleased,15
respect,15
stockman,15
wild,15
cloaks,15
scylla,15
until,14
understanding,14
flocks,14
thigh,14
mainland,14
placed,14
prayer,14
welcome,14
battle,14
begin,14
embrace,14
tried,14
grew,14
fleet,14
autolycus,14
wave,14
minds,14
likely,14
third,14
handed,14
olive,14
slept,14
pay,14
running,14
field,14
fall,14
beginning,14
insolence,14
wise,14
venus,14
leaves,14
grief,14
diana,14
whereas,14
white,14
alas,14
blow,14
except,14
became,14
valiant,13
wrong,13
fit,13
tree,13
eurylochus,13
past,13
heads,13
irus,13
race,13
standing,13
beggar,13
lest,13
beach,13
forced,13
war,13
upper,13
lyre,13
journey,13
sign,13
ought,13
thence,13
fate,13
lose,13
kissed,13
mine,13
grown,13
arete,13
hither,13
visit,13
grow,13
nausicaa,13
immortals,13
speaking,13
pleasure,13
feasting,13
please,13
sandals,13
account,13
beat,13
sorrows,13
counsel,13
hospitality,13
sacked,13
seems,13
fond,13
banquet,13
stream,13
hidden,12
showed,12
pity,12
benches,12
olympus,12
spoken,12
sad,12
pass,12
luck,12
cyclopes,12
creature,12
dulichium,12
next,12
foremost,12
stronger,12
crete,12
spread,12
asleep,12
nymphs,12
beyond,12
dolius,12
picked,12
beg,12
neleus,12
inner,12
north,12
grieve,12
warm,12
seven,12
shoot,12
insolent,12
wealth,12
tale,12
monster,12
pair,12
speech,12
forget,12
huge,12
abode,12
ourselves,12
unless,12
heed,12
dressed,12
abundance,12
plenty,12
wedding,12
wear,12
presence,12
bath,12
charge,12
waggon,12
knows,12
daughters,12
drinking,12
cold,12
hero,11
borne,11
desire,11
happy,11
floor,11
shouted,11
ways,11
keeping,11
hardship,11
wives,11
meant,11
proserpine,11
medon,11
forth,11
air,11
asking,11
brothers,11
hecatombs,11
heroes,11
birds,11
happen,11
theoclymenus,11
business,11
minded,11
dream,11
terrible,11
anointed,11
escaped,11
gatehouse,11
sungod,11
prayers,11
deemed,11
thereon,11
chest,11
stop,11
ears,11
lovely,11
belly,11
shoulder,11
shield,11
paid,11
gates,11
deed,11
philoetius,11
believe,11
particularly,11
money,11
courage,11
lacedaemon,11
linen,11
furious,11
yard,11
staff,11
noise,11
spits,11
companions,11
gives,11
hut,11
short,11
tables,11
polybus,11
egypt,11
instead,11
choose,11
mules,11
closed,11
kinds,11
lord,10
misfortunes,10
wand,10
ate,10
yards,10
folly,10
around,10
sang,10
learn,10
bowl,10
peleus,10
seemed,10
carrying,10
beneath,10
danaans,10
meantime,10
drank,10
dust,10
flesh,10
rule,10
smoke,10
plot,10
reasonable,10
hurried,10
amphinomus,10
anger,10
speed,10
low,10
food,10
horse,10
station,10
grey,10
lit,10
labour,10
heavens,10
daybreak,10
meet,10
council,10
immediately,10
eurynome,10
saved,10
roof,10
turning,10
offerings,10
loaded,10
human,10
savage,10
died,10
waited,10
seas,10
endowed,10
road,10
washing,10
icarius,10
remain,10
share,10
cups,10
orders,10
couch,10
often,10
ashamed,10
forest,10
achaean,10
completed,10
received,10
finished,10
soft,10
hospitably,10
quarrel,10
loosed,10
gate,10
driving,10
ram,10
hearth,10
fury,10
setting,10
brother,10
quick,10
says,10
dropped,10
driven,10
disposed,10
song,10
expect,10
stones,10
attend,10
heavily,10
wooded,9
mixingbowl,9
laughing,9
worked,9
shirts,9
working,9
troubles,9
salt,9
sirens,9
spare,9
divine,9
rage,9
gifts,9
consider,9
small,9
sense,9
deeds,9
cover,9
beautifully,9
displeased,9
suffering,9
elsewhere,9
doubt,9
shut,9
perish,9
travelled,9
doorway,9
worn,9
ere,9
mercy,9
miserable,9
drawn,9
honoured,9
phemius,9
months,9
holding,9
aldermen,9
trial,9
furthermore,9
respected,9
suppliant,9
early,9
greatly,9
cows,9
fool,9
fountain,9
reason,9
silence,9
laodamas,9
danger,9
cheeks,9
cause,9
dwell,9
contest,9
portion,9
bearingposts,9
raiment,9
sailors,9
frightened,9
flying,9
favour,9
wallet,9
tall,9
ajax,9
wretch,9
treasure,9
lands,9
easily,9
prophet,9
treated,9
dancing,9
lion,9
putting,9
grieving,9
south,9
host,9
aloud,9
hearing,9
younger,9
row,9
clouds,9
delighted,9
helmet,9
cease,9
ox,9
councillors,9
seals,9
rate,9
known,9
cross,9
feed,9
fancy,9
double,9
gale,9
mountains,9
prize,8
suppliants,8
second,8
substance,8
grapes,8
sparta,8
eagle,8
ewes,8
yoke,8
disgrace,8
tear,8
prevent,8
wherever,8
admired,8
divided,8
quarter,8
besides,8
wanting,8
opposite,8
breath,8
wants,8
idomeneus,8
burning,8
noman,8
scar,8
dress,8
sometimes,8
hercules,8
couple,8
line,8
orestes,8
waste,8
veil,8
wore,8
order,8
satisfied,8
thrice,8
east,8
wooing,8
priam,8
dance,8
sending,8
homeward,8
prove,8
message,8
sheer,8
lot,8
thither,8
torches,8
takes,8
thrown,8
agelaus,8
axes,8
famous,8
throwing,8
loom,8
five,8
manage,8
cloud,8
crossed,8
farm,8
chiefs,8
coast,8
aeolus,8
taller,8
loss,8
tongue,8
dry,8
saturn,8
yours,8
islands,8
milk,8
staying,8
voices,8
nearly,8
yield,8
stretched,8
sleeping,8
served,8
skilled,8
shelter,8
piraeus,8
complain,8
avenge,8
ruin,8
feared,8
smote,8
letting,8
sort,8
later,8
hate,8
yonder,8
rise,8
persuade,8
changed,8
laughed,8
catch,8
burnt,8
corn,8
heat,8
lashed,8
rising,8
memory,8
figure,8
rites,8
girded,8
quantity,8
cities,8
quiet,8
mount,8
mortals,8
alike,8
finding,8
woke,8
goodly,8
seized,8
hawsers,8
looks,8
footstool,8
agreed,8
ones,8
joy,8
piteously,8
sky,8
swear,8
stern,7
mixingbowls,7
bitter,7
busy,7
blew,7
fail,7
ewer,7
possible,7
enemies,7
losing,7
comely,7
whoever,7
funeral,7
accomplished,7
tore,7
nymph,7
herds,7
wandering,7
rejoiced,7
summer,7
dare,7
power,7
handsome,7
joined,7
company,7
plant,7
plotting,7
consult,7
grace,7
bethought,7
swim,7
spring,7
fresh,7
prizes,7
garden,7
bird,7
counsels,7
gladly,7
bent,7
tenth,7
handle,7
neighbour,7
entered,7
chance,7
protection,7
quiver,7
flung,7
haste,7
reasonably,7
lifted,7
loved,7
shields,7
purple,7
pavement,7
mantle,7
astonished,7
promised,7
dying,7
parnassus,7
change,7
cicons,7
drop,7
shown,7
directly,7
remained,7
fifty,7
finish,7
prepare,7
mourned,7
dreadful,7
livelong,7
loose,7
evening,7
approved,7
pretty,7
sacrificed,7
older,7
telling,7
win,7
pure,7
exactly,7
omen,7
kings,7
treat,7
distant,7
skill,7
eupeithes,7
twisted,7
sees,7
midst,7
sorts,7
grows,7
assented,7
felt,7
swore,7
main,7
sailing,7
green,7
pain,7
mark,7
slumber,7
returning,7
vouchsafe,7
everlasting,7
narrow,7
suffer,7
ashes,7
difficulty,7
prowess,7
feasted,7
burned,7
meeting,7
magnificent,7
fed,7
goods,7
gateway,7
bind,7
marvelled,7
finest,7
mix,7
beam,7
protect,7
usual,7
proper,7
chains,7
ivory,7
enjoy,7
blue,7
solemn,7
join,7
lair,7
rain,7
murder,7
trust,7
quickly,7
ocean,7
apart,7
bearingpost,7
fleece,7
dismay,7
altar,7
fetched,7
weep,7
moon,7
taste,7
follow,7
inward,7
rugs,7
nights,7
firewood,7
brooding,7
use,7
few,7
breast,7
hence,7
happiness,7
provisions,7
press,7
tired,6
hurt,6
travel,6
hot,6
fig,6
ambuscade,6
grove,6
touched,6
sacrificing,6
woollen,6
birth,6
crowd,6
bottom,6
respectable,6
antiphates,6
settle,6
charybdis,6
virtue,6
milked,6
torn,6
disguised,6
aside,6
euryalus,6
omens,6
aeaean,6
amphimedon,6
hunting,6
pick,6
refuse,6
hounds,6
hereafter,6
begged,6
victims,6
continue,6
pall,6
charmed,6
sufficiently,6
ashore,6
rough,6
inlaid,6
ball,6
wet,6
smooth,6
neighbours,6
somewhere,6
iphitus,6
flock,6
trench,6
seated,6
beds,6
whenever,6
thankful,6
opened,6
brains,6
sport,6
blame,6
soil,6
touch,6
ambrosia,6
start,6
moved,6
doubted,6
surrounded,6
beggars,6
bless,6
houses,6
generally,6
sacrifices,6
theban,6
lips,6
smiled,6
rebuked,6
yourselves,6
aegisbearing,6
keel,6
perfectly,6
camped,6
won,6
precious,6
quit,6
senses,6
lambs,6
fierce,6
lately,6
burden,6
rejoice,6
ear,6
captain,6
swam,6
deck,6
wickedness,6
persist,6
egyptians,6
needlework,6
loud,6
seer,6
palace,6
rejoicing,6
basin,6
shame,6
bury,6
steeds,6
managed,6
everybody,6
sake,6
vineyard,6
growing,6
deceive,6
according,6
sensible,6
wake,6
sudden,6
quietly,6
ogygian,6
bravest,6
strung,6
landed,6
compare,6
numbers,6
sharp,6
redoubtable,6
forthwith,6
walls,6
henceforward,6
youth,6
build,6
yesterday,6
purpose,6
task,6
toil,6
judgement,6
bit,6
fishes,6
cooked,6
rudder,6
polyphemus,6
limb,6
horns,6
gear,6
comfortable,6
otherwise,6
hurricane,6
guard,6
rushed,6
pig,6
shooting,6
welldisposed,6
oak,6
oar,6
settled,6
entertained,6
splendid,6
amid,6
thoroughly,6
rowing,6
fragrant,6
fought,6
heap,6
serious,6
cook,6
level,6
antilochus,6
sports,6
fourth,6
cauldron,6
urge,6
proud,6
wool,6
afterwards,6
robbed,6
cast,6
longing,6
bodies,6
snatched,6
whence,6
amongst,6
sufficient,6
goat,6
hid,6
stick,6
meaning,6
dragged,6
chose,6
conversation,6
plainly,6
doomed,6
spoil,6
lead,6
juno,6
hanging,5
cyprus,5
thunder,5
herb,5
strike,5
keeps,5
blind,5
wrought,5
admirable,5
service,5
heartily,5
plate,5
unseemly,5
ease,5
possibly,5
support,5
smell,5
meadow,5
wondering,5
following,5
wolves,5
limbs,5
nation,5
future,5
patroclus,5
vision,5
pontonous,5
uproar,5
thinks,5
wits,5
dirty,5
watches,5
renown,5
fiercely,5
likeness,5
afflictions,5
pear,5
sell,5
play,5
barren,5
failed,5
enemy,5
firm,5
pressed,5
pale,5
ago,5
anxious,5
wheat,5
eteoneus,5
prosper,5
witness,5
length,5
vultures,5
tramps,5
bred,5
brine,5
ends,5
weary,5
drug,5
hateful,5
adventures,5
sits,5
valour,5
corpses,5
recognize,5
zacynthus,5
provide,5
fellows,5
arceisius,5
nostrils,5
fitted,5
runs,5
unable,5
wasting,5
certainly,5
turns,5
cost,5
supporting,5
ended,5
barrow,5
space,5
checked,5
notice,5
fruit,5
dancers,5
ruled,5
stratagem,5
inspired,5
aimed,5
hellas,5
anoint,5
expecting,5
infinite,5
mist,5
storm,5
kindly,5
applauded,5
sturdy,5
less,5
halitherses,5
liked,5
roasted,5
outright,5
fathers,5
behaving,5
counselled,5
wellmade,5
started,5
archer,5
fare,5
stout,5
masters,5
mad,5
powerful,5
attack,5
thebes,5
deadly,5
hush,5
broad,5
reaching,5
recognized,5
new,5
root,5
honey,5
tells,5
ir,5
handmaids,5
dreams,5
excel,5
cupbearer,5
boy,5
scolded,5
roused,5
especially,5
beseech,5
different,5
blankets,5
broken,5
violence,5
decorated,5
drugged,5
creatures,5
wrecked,5
misery,5
armed,5
advice,5
playing,5
possessions,5
idea,5
flower,5
disposition,5
wailing,5
carefully,5
secret,5
raw,5
matters,5
foolish,5
peg,5
thighs,5
remembered,5
native,5
kids,5
red,5
sack,5
maidens,5
thunderbolts,5
masts,5
tripod,5
prisoner,5
helped,5
stationed,5
bull,5
appearance,5
exceedingly,5
housekeeper,5
reigned,5
inasmuch,5
feeding,5
pride,5
conduct,5
muse,5
megapenthes,5
badly,5
prevented,5
continually,5
fault,5
goatherd,5
check,5
yoked,5
passage,5
inland,5
season,5
wide,5
thesprotians,5
portions,5
late,5
treating,5
minos,5
breaking,5
somebody,5
sucking,5
feel,5
blank,5
leading,5
heaped,5
lamenting,5
attention,5
aloft,5
plan,5
wishes,5
larger,5
anywhere,5
elis,5
comrade,5
reaches,5
watching,5
whirlpool,5
perhaps,5
slave,5
jars,5
sick,5
obey,5
raise,5
weather,5
promise,5
lawful,5
fawn,4
foul,4
hers,4
divide,4
precincts,4
music,4
holy,4
hole,4
bowls,4
blinded,4
whip,4
legs,4
nations,4
headland,4
brawny,4
camp,4
eyelids,4
eager,4
tops,4
plight,4
easy,4
steps,4
talents,4
illtreating,4
choice,4
hides,4
reckoning,4
seventh,4
elpenor,4
wrath,4
fooled,4
tasted,4
buried,4
pages,4
lotus,4
prime,4
priest,4
hyperion,4
dived,4
fame,4
starving,4
clad,4
amphitrite,4
disgraceful,4
sand,4
sank,4
dwells,4
beheld,4
doom,4
plank,4
signs,4
self,4
sorrowing,4
begins,4
closely,4
load,4
leaning,4
offence,4
goblet,4
surprised,4
quest,4
hatched,4
amiss,4
opinion,4
allow,4
chosen,4
traveller,4
haven,4
fact,4
listened,4
victuals,4
colour,4
web,4
blowing,4
tossed,4
ino,4
nursed,4
thrinacian,4
worth,4
compassion,4
noemon,4
horn,4
reign,4
agony,4
vessels,4
wasted,4
argive,4
covering,4
bondsmen,4
aim,4
unharmed,4
boars,4
sends,4
post,4
horizon,4
wax,4
boon,4
feeble,4
temples,4
entrance,4
clothing,4
spacious,4
rugged,4
offering,4
terrific,4
hurled,4
dispersed,4
distaff,4
shepherding,4
leather,4
tranger,4
suspected,4
followers,4
real,4
fortune,4
uncivilized,4
carpenter,4
month,4
securely,4
rude,4
dread,4
finer,4
issue,4
harbours,4
terribly,4
hundred,4
lid,4
drawing,4
horrid,4
missing,4
spray,4
headed,4
likes,4
utmost,4
rope,4
chariots,4
guide,4
showing,4
thesprotian,4
begrimed,4
dashed,4
friendly,4
decreed,4
melancholy,4
addressed,4
remains,4
longest,4
pheidon,4
sands,4
welltodo,4
leiodes,4
mares,4
keen,4
pitied,4
beard,4
punish,4
girdle,4
sundown,4
vengeance,4
humane,4
state,4
merry,4
harder,4
proofs,4
grinding,4
courts,4
eurytus,4
wreck,4
rests,4
drowned,4
calm,4
warn,4
shepherds,4
overcome,4
roast,4
taught,4
content,4
solemnly,4
bidden,4
distance,4
dog,4
folded,4
fields,4
asks,4
splendour,4
unfortunate,4
kin,4
coverlets,4
ctesippus,4
teeth,4
talked,4
suspect,4
shift,4
merely,4
soul,4
rays,4
basket,4
richly,4
phaeacian,4
language,4
anyone,4
goddesses,4
protected,4
venture,4
bronzeshod,4
wonder,4
corner,4
honesty,4
lightning,4
facing,4
chamber,4
fertile,4
lions,4
deer,4
grasped,4
hound,4
sufferings,4
equitably,4
enjoying,4
sweetly,4
stool,4
ranged,4
needs,4
comfort,4
bulls,4
conducted,4
least,4
prodigious,4
hecatomb,4
rafters,4
charm,4
vine,4
wherein,4
dishonouring,4
echoing,4
openly,4
reconnoitre,4
stowed,4
moored,4
invite,4
geese,4
favourite,4
rivers,4
courting,4
named,4
tattered,4
dinners,4
fray,4
willing,4
cutting,4
messenger,4
fondly,4
backwards,4
wagged,4
sadly,4
comfortably,4
cavern,4
mid,4
eight,4
admiration,4
surpass,4
onward,4
resolved,4
happens,4
forbid,4
although,4
hospitable,4
glory,4
direct,4
thrasymedes,4
orion,4
mouths,4
misadventure,4
illtreat,4
several,4
victory,4
scheria,4
serve,4
headlands,4
snow,4
hearers,4
watch,4
neritum,4
weak,4
expected,4
shortly,4
steadily,4
crews,4
bargain,4
ruined,4
pleases,4
pork,4
stately,4
entertain,4
twentieth,4
humour,4
besought,4
athens,4
prophecy,4
stroke,4
propriety,4
poplars,4
farewell,4
sunrise,4
attended,4
stuck,4
homestead,4
imposing,4
grieved,4
insist,4
satisfaction,4
direction,4
mocking,4
bows,4
kills,4
lastly,4
grass,4
swords,4
dismayed,4
sum,4
suddenly,4
flat,4
taphians,4
pretext,4
instructions,4
hill,4
dine,4
havoc,4
shepherd,4
art,4
succeed,4
bond,4
dug,4
advise,4
erebus,4
illfated,4
sharpened,4
upright,4
helping,4
talons,4
youngest,4
proof,4
traders,4
fled,4
trap,4
nausithous,4
thousands,4
generations,4
gets,4
firmament,4
beast,4
cephallenians,4
shabby,4
murderer,4
rare,4
carries,4
wilderness,4
upwards,4
woods,3
scold,3
dell,3
cooking,3
climbed,3
explained,3
brings,3
blade,3
unjust,3
domed,3
misfortune,3
threatened,3
enormous,3
cauldrons,3
subtlety,3
spinning,3
sulphur,3
feeling,3
dozen,3
affairs,3
lots,3
pits,3
vain,3
sponges,3
lift,3
played,3
yellow,3
split,3
visitors,3
citizens,3
wrap,3
greatness,3
lays,3
proves,3
soot,3
chopping,3
[to,3
studied,3
refrain,3
everywhere,3
valued,3
allowed,3
winter,3
natural,3
pulled,3
troubled,3
workmanship,3
axe,3
robe,3
anchialus,3
unrecorded,3
phantom,3
escorts,3
memories,3
bristles,3
gleam,3
desert,3
phoenicians,3
carver,3
fleetest,3
tight,3
spirit,3
cable,3
laying,3
samos,3
depart,3
singlehanded,3
knocked,3
male,3
autumn,3
roots,3
propose,3
courses,3
missed,3
darling,3
salute,3
belief,3
risen,3
wedded,3
oxhide,3
pisenor,3
ceasing,3
compass,3
unpick,3
overboard,3
awake,3
admire,3
hoping,3
clasped,3
private,3
curious,3
temple,3
concealed,3
concealment,3
sides,3
ivywood,3
walked,3
diomed,3
mixing,3
continued,3
waning,3
henceforth,3
torchlight,3
bliss,3
thin,3
counted,3
whither,3
strode,3
hindering,3
assumed,3
affliction,3
blows,3
false,3
gently,3
astride,3
laestrygonian,3
principal,3
loth,3
bonds,3
packed,3
streams,3
javelin,3
glaring,3
command,3
goings,3
bedding,3
hiding,3
sister,3
swimming,3
mere,3
naturally,3
bearing,3
behold,3
compete,3
oldest,3
lemnos,3
sped,3
angrily,3
insult,3
consent,3
damages,3
rocky,3
lawless,3
delicious,3
guile,3
pisander,3
enjoyed,3
steal,3
foes,3
duties,3
aid,3
exile,3
sheltered,3
raid,3
swell,3
hang,3
thy,3
whichever,3
athletic,3
congratulate,3
peer,3
herdsmen,3
absent,3
gather,3
perceived,3
antiphus,3
roaring,3
marked,3
bullock,3
club,3
breeds,3
despair,3
staircase,3
grandson,3
crept,3
counsellor,3
fling,3
lineage,3
avoided,3
shows,3
flowers,3
soiled,3
breakfast,3
recover,3
fifth,3
trojan,3
celebrate,3
burst,3
hussies,3
exploit,3
punished,3
trick,3
valuable,3
ruler,3
uneasy,3
intolerable,3
removing,3
seethed,3
fraud,3
shamefaced,3
fence,3
lesbos,3
tracks,3
hurry,3
offended,3
crafty,3
actually,3
fully,3
stopped,3
wisest,3
dirt,3
scouts,3
seafaring,3
scheme,3
bride,3
breadbasket,3
hovered,3
plough,3
plausible,3
thongs,3
protector,3
empty,3
bidding,3
pack,3
wings,3
rug,3
abroad,3
ordered,3
willed,3
wished,3
thundered,3
farms,3
watered,3
brooch,3
phoenician,3
wit,3
shrift,3
furiously,3
ills,3
measure,3
quality,3
bears,3
claim,3
clytemnestra,3
sprinkled,3
dangerous,3
wheatgrowing,3
sorely,3
spared,3
shameless,3
forgotten,3
magician,3
clouded,3
liking,3
gain,3
sprinkling,3
stag,3
betters,3
vast,3
helmets,3
fairly,3
damastor,3
eyebrows,3
gilding,3
diocles,3
personal,3
sceptre,3
skins,3
surprise,3
silly,3
alarm,3
explain,3
wearing,3
proteus,3
warrior,3
sheepskins,3
gathering,3
delight,3
dearly,3
ethiopians,3
bold,3
burn,3
anointing,3
paunch,3
chooses,3
landing,3
myrmidons,3
daily,3
nectar,3
guardian,3
detest,3
shook,3
phorcys,3
mentes,3
seizing,3
flayed,3
ours,3
cheese,3
dash,3
clung,3
shocked,3
mettle,3
bleating,3
moons,3
source,3
eighteenth,3
across,3
baths,3
cretans,3
bags,3
phaecian,3
struggling,3
heavier,3
aiming,3
phoenicia,3
epeans,3
cables,3
fruitless,3
grudge,3
starting,3
defence,3
mule,3
chieftain,3
helmsman,3
reviled,3
recall,3
sacred,3
stir,3
infant,3
pens,3
bosom,3
obeyed,3
malea,3
token,3
exquisite,3
seagulls,3
pains,3
aged,3
common,3
folding,3
fleeces,3
pierce,3
proved,3
husbands,3
spent,3
shape,3
shouting,3
scowled,3
overhanging,3
knock,3
follows,3
errand,3
grave,3
necks,3
prevail,3
soninlaw,3
heir,3
prepared,3
notion,3
atlas,3
bleeding,3
quaked,3
climb,3
names,3
holds,3
aft,3
buildings,3
embers,3
kindness,3
vouchsafes,3
nobody,3
vouchsafed,3
throat,3
savages,3
thicket,3
gasping,3
knowledge,3
fixed,3
fulfilled,3
value,3
almost,3
crosspiece,3
position,3
add,3
brooded,3
rushes,3
tricks,3
entreat,3
strap,3
fortress,3
overheard,3
mess,3
enter,3
forehead,3
rang,3
encouraging,3
awoke,3
echetus,3
fashion,3
doughty,3
flow,3
orderly,3
undressed,3
countries,3
twice,3
liquor,3
approach,3
devour,3
ropes,3
search,3
fallow,3
wound,3
heeded,3
insisted,3
detained,3
sicel,3
gift,3
stringing,3
displeasure,3
nodded,3
faithful,3
vanished,3
remarkable,3
rob,3
advantage,3
posts,3
port,3
prey,3
laughter,3
mycene,3
keepsake,3
lamented,3
underneath,3
torch,3
giver,3
seduced,3
erinyes,3
surf,3
boiling,3
considered,3
lighted,3
treachery,3
tyro,3
workman,3
libya,3
swaggering,3
careful,3
mound,3
lamentation,3
changing,3
leto,3
luscious,3
forestays,3
suppers,3
guiltless,3
amber,3
strict,3
regard,3
pherae,3
pandareus,3
disc,3
crest,3
belonging,3
worst,3
hatching,3
awful,3
singularly,3
undone,3
cheeses,3
proceed,3
parts,3
speechless,3
friendship,3
weight,3
undertake,3
wondered,3
boldness,3
effect,3
ilius,3
relieved,3
treasures,3
wayfarer,3
insulted,3
tongues,3
suspicious,3
added,3
braziers,3
bark,3
arm,3
spirited,3
finds,3
peoples,3
anybody,3
gibing,3
drifted,3
stitches,3
raising,3
endurance,3
polyctor,3
dealt,3
smaller,3
folk,3
desired,3
distressed,3
asphodel,3
apple,3
possession,3
clever,3
inclined,3
panic,3
wrist,3
laestrygonians,3
restrain,3
timbers,3
astounded,3
squealing,3
clasp,3
highest,3
brushwood,3
sidonians,3
marries,3
monstrous,3
bought,3
opening,3
nisus,3
wealthy,3
fishing,3
scared,3
searching,3
ravaged,3
lean,3
sties,3
conveyed,3
devouring,3
polished,3
ortilochus,3
meadows,2
figs,2
pigsties,2
epeus,2
wooden,2
loathing,2
fingers,2
herd,2
whirling,2
plunged,2
cajoled,2
household,2
groaned,2
drying,2
pigsty,2
baggage,2
screaming,2
fix,2
rumour,2
assured,2
disturbed,2
whirlwind,2
clamorous,2
sallied,2
engagement,2
blossoms,2
chieftains,2
wisdom,2
coward,2
idle,2
object,2
scream,2
iasus,2
avenged,2
smirched,2
fain,2
nature,2
rolled,2
ravenously,2
marrying,2
unwaked,2
slay,2
phylo,2
spit,2
spin,2
skilfully,2
diverted,2
bounteous,2
supped,2
ringleaders,2
boyhood,2
rushing,2
prison,2
festivities,2
sheet,2
foe,2
storeroom,2
shoots,2
fabric,2
constantly,2
grasping,2
devices,2
passenger,2
tournament,2
uttered,2
tamely,2
roll,2
rolling,2
fastened,2
conferred,2
fawned,2
vex,2
hindered,2
celebrated,2
current,2
falling,2
eurydamas,2
brilliant,2
sawn,2
overarching,2
wicker,2
tightly,2
aretias,2
behalf,2
stature,2
listens,2
spot,2
dove,2
imperishable,2
unweariable,2
workmanlike,2
veins,2
bursting,2
owing,2
ilus,2
inwardly,2
unloose,2
submit,2
waist,2
snatch,2
thetis,2
unburied,2
addressing,2
illness,2
aegyptius,2
warriors,2
note,2
ointments,2
handing,2
remarks,2
trembled,2
bright,2
planed,2
awaiting,2
enthralled,2
jumped,2
refreshed,2
pitiless,2
thickly,2
heretofore,2
observe,2
pretence,2
situation,2
sickness,2
deceiving,2
hereabouts,2
seagirt,2
lowing,2
dart,2
snare,2
exit,2
act,2
lofty,2
lively,2
garment,2
rush,2
fright,2
exhausted,2
tremble,2
herbs,2
mash,2
cunningly,2
marvellous,2
honourable,2
healer,2
reeled,2
murdering,2
excellently,2
attendance,2
pears,2
insatiable,2
seagull,2
information,2
scoundrels,2
intended,2
disgraced,2
resemble,2
adorned,2
travelling,2
ally,2
oracles,2
assemblies,2
aggrieved,2
prophesying,2
clytius,2
reproach,2
slipped,2
thereafter,2
contended,2
vantage,2
philomeleides,2
determined,2
fishermen,2
amphion,2
seize,2
attacking,2
detaining,2
giants,2
remedy,2
preparing,2
approaching,2
leg,2
topmost,2
endure,2
knowing,2
brewing,2
lash,2
belt,2
filth,2
hitting,2
moderation,2
kissing,2
elatreus,2
lady,2
jutting,2
formal,2
sighs,2
behave,2
smithy,2
performed,2
vitals,2
wrinkles,2
ambush,2
amphitryon,2
chide,2
suit,2
inches,2
considerable,2
raging,2
flocked,2
freighted,2
preventing,2
singed,2
furthest,2
holes,2
soften,2
pestering,2
panting,2
wipe,2
oicleus,2
fewer,2
foals,2
receive,2
sirs,2
cheered,2
shipwreck,2
mend,2
baby,2
challenge,2
insists,2
pour,2
bend,2
slip,2
aretus,2
magnificently,2
await,2
move,2
perfect,2
delay,2
strewed,2
earn,2
outlines,2
sneezed,2
delightful,2
accompanied,2
prophecyings,2
thirteen,2
thrust,2
minstrel,2
spilt,2
feasts,2
owner,2
orchomenus,2
festival,2
washingcisterns,2
painful,2
stars,2
unman,2
steep,2
brokendown,2
bedroom,2
vying,2
frame,2
insulting,2
courtyard,2
workbox,2
invited,2
site,2
immoderately,2
glared,2
digging,2
covenant,2
herdsman,2
amphialus,2
daylight,2
foretold,2
errands,2
screamed,2
glistened,2
count,2
rightly,2
plundered,2
richest,2
ploughed,2
glittering,2
secure,2
shun,2
[and,2
overrun,2
groves,2
elbow,2
melantho,2
egyptian,2
greet,2
befallen,2
thee,2
bane,2
band,2
voyages,2
councils,2
schemed,2
whining,2
mourning,2
ordering,2
happily,2
glorified,2
thundering,2
accounted,2
reserve,2
yielded,2
exulting,2
haunted,2
steam,2
miserably,2
draws,2
accord,2
horsehair,2
peacefully,2
peirithous,2
concerning,2
twelvemonth,2
crowning,2
straits,2
plates,2
whereby,2
thanks,2
adding,2
fared,2
shout,2
breadbaskets,2
boxer,2
cape,2
flatter,2
beating,2
carcasses,2
loin,2
accordingly,2
manure,2
apartment,2
anticlus,2
reality,2
heyday,2
convincing,2
phaestus,2
loyal,2
banquets,2
songs,2
heavensent,2
disturbance,2
layers,2
phylace,2
woven,2
cargo,2
appear,2
assistance,2
saluting,2
flames,2
usually,2
retired,2
seashore,2
planted,2
wonderfully,2
hardest,2
grassy,2
hears,2
chin,2
comeliness,2
curls,2
chattering,2
philoctetes,2
cliffs,2
prompted,2
cairn,2
fires,2
receiving,2
thong,2
mesaulius,2
striking,2
impossible,2
size,2
breed,2
jutted,2
pomp,2
pytho,2
apples,2
troublesome,2
fore,2
ortygia,2
foothold,2
sunset,2
enriches,2
staid,2
honours,2
unfastened,2
seldom,2
stouter,2
dodona,2
liberal,2
fruitful,2
olives,2
punishes,2
wounds,2
countless,2
unblended,2
worry,2
pester,2
foam,2
enchanting,2
severe,2
breeze,2
poplar,2
charged,2
tossing,2
treatment,2
propped,2
read,2
earnest,2
listening,2
feckless,2
apartments,2
cleansed,2
illomened,2
winnowing,2
handsomest,2
boldly,2
delayed,2
wrestlers,2
suited,2
pool,2
building,2
ceased,2
safety,2
robes,2
decide,2
heaved,2
wantonness,2
streets,2
nearing,2
heralds,2
ails,2
ahead,2
soldier,2
amount,2
ctimene,2
excuse,2
helm,2
hell,2
reigning,2
blest,2
jaws,2
dears,2
illstarred,2
gardener,2
dung,2
base,2
house],2
miss,2
sigh,2
shifted,2
rhexenor,2
lament,2
toward,2
juicy,2
elsewhither,2
neoptolemus,2
distressing,2
darted,2
catches,2
woo,2
woe,2
huntsmen,2
anon,2
gild,2
liver,2
furrow,2
rulers,2
euboea,2
useful,2
swooped,2
delivered,2
rue,2
faith,2
caressed,2
vigour,2
duly,2
hail,2
lords,2
accustomed,2
melampus,2
crouching,2
rested,2
required,2
neighbouring,2
nose,2
trough,2
stiff,2
taphian,2
becomes,2
ride,2
vaunt,2
sacking,2
arrangement,2
cobwebs,2
lordly,2
prays,2
brood,2
mantius,2
iphicles,2
secretly,2
fathom,2
eurynomus,2
wrapped,2
lightly,2
villainy,2
sings,2
scampered,2
fuel,2
wishing,2
joint,2
shy,2
disobeyed,2
cowards,2
hoisted,2
ismarus,2
examined,2
hearted,2
trooping,2
strange,2
speaker,2
abounds,2
prophesied,2
claiming,2
pondering,2
runners,2
rafter,2
wooed,2
ring,2
puppies,2
persuaded,2
contending,2
noticed,2
hoofs,2
gaia,2
leathern,2
stories,2
urging,2
beats,2
onwards,2
star,2
scheming,2
govern,2
affect,2
clothed,2
graces,2
meals,2
assembled,2
iasion,2
credit,2
permit,2
oarsmen,2
apeira,2
attempt,2
impatient,2
frequent,2
athletes,2
carve,2
leaned,2
fiftytwo,2
afforded,2
chios,2
contend,2
enraged,2
hook,2
girls,2
street,2
sounding,2
seek,2
doves,2
sows,2
guilds,2
brimstone,2
perceive,2
continent,2
horsemen,2
distinction,2
incessant,2
ephyra,2
sunshine,2
melted,2
meets,2
jealous,2
inherit,2
ops,2
dense,2
bolt,2
haply,2
creditable,2
victorious,2
faring,2
fashioned,2
pierced,2
happening,2
apology,2
precipices,2
continual,2
mill,2
fearing,2
dealing,2
earthquake,2
loudly,2
suggestion,2
olympian,2
nearest,2
periboea,2
battered,2
pine,2
sworn,2
purify,2
inhabitants,2
pointed,2
entrails,2
illtreated,2
interesting,2
forecourt,2
highhanded,2
sooner,2
alcmena,2
cretheus,2
accurately,2
castor,2
foreigner,2
skinned,2
trace,2
sheets,2
upland,2
brokenhearted,2
despairingly,2
stormy,2
lionhearted,2
moodily,2
seal,2
ornament,2
pained,2
slain,2
grants,2
importunate,2
considering,2
arts,2
gripped,2
weave,2
roughly,2
convened,2
malicious,2
steersmen,2
astonishment,2
acquainted,2
pasture,2
confirm,2
manservant,2
convulsively,2
roar,2
cattlelifting,2
spreading,2
strip,2
quailed,2
strikes,2
shroud,2
gore,2
arranged,2
discs,2
recklessness,2
sighing,2
slung,2
crimson,2
swallow,2
hideous,2
difference,2
plainness,2
mothers,2
bespattered,2
misconducted,2
speeches,2
fenced,2
escorted,2
echephron,2
bloom,2
crowded,2
skilful,2
prevaricate,2
bereft,2
everyone,2
fish,2
suspecting,2
copper,2
drunkenness,2
weethearts,2
declare,2
ages,2
flitted,2
rowed,2
extremely,2
pomegranates,2
joining,2
merchandise,2
enveloped,2
bellies,2
stratius,2
patiently,2
honeyed,2
aegyptus,2
indulging,2
ewe,2
resounds,2
requite,2
sheepstealing,2
zethus,2
hated,2
hates,2
big,2
foreigners,2
obliged,2
demoptolemus,2
lard,2
robbers,2
piled,2
bluster,2
polypheides,2
harassed,2
bored,2
hoped,2
hopes,2
dragging,2
excuses,2
blaze,2
huddled,2
busied,2
kinsmen,2
sacrificial,2
tambour,2
exchange,2
beasts,2
extreme,2
cretan,2
baskets,2
scandal,2
tearing,2
embarked,2
praise,2
daring,2
lame,2
stock,2
frowning,2
lined,2
flattering,2
theseus,2
acres,2
greater,2
warned,2
speared,2
waking,2
deprived,2
yarn,2
sorrowful,2
loves,2
visited,2
spitted,2
wakes,2
pitiable,2
deucalion,2
occasion,2
phaedimus,2
supported,2
calling,2
awaits,2
difficulties,2
deliver,2
equal,2
passing,2
laugh,2
manhood,2
pouring,2
tremendous,2
herbage,2
hyacinth,2
general,2
homes,2
watched,2
tumbled,2
foreland,2
cubit,2
tighter,2
barking,2
earshot,2
match,2
discretion,2
bustling,2
ripped,2
socket,2
female,2
reminds,2
plague,2
contemptuously,2
stirred,2
whereever,2
wondrous,2
amphiaraus,2
founded,2
parted,2
leaders,2
infancy,2
beaten,2
poison,2
kicked,2
resounded,2
path,2
rhadamanthus,2
tityus,2
slaughtered,2
overpowered,2
scolding,2
daredevil,2
gyrae,2
clapped,2
destroyed,2
ripens,2
gloom,2
herald,2
wheel,2
echeneus,2
foolishly,2
lain,2
whereupon,2
key,2
rank,2
paved,2
bards,2
advising,2
humbly,2
whomsoever,2
beads,2
habit,2
weal,2
faces,2
craft,2
furled,2
sweetness,2
possessed,2
hearty,2
departed,2
propitiate,2
bands,2
breaks,2
offices,2
chests,2
cord,2
homewards,2
attacks,2
accomplishments,2
sunlight,2
uncle,2
swineherds,2
soundly,2
whey,2
uncovered,2
trident,2
dried,2
soldiers,2
drinks,2
avenging,2
descended,2
tholepins,2
today,2
aright,2
shafts,2
counting,2
perseus,2
eighth,2
amuse,2
furnished,2
offers,2
bacchus,2
nodding,2
subjection,2
begun,2
plans,2
abounding,2
bolts,2
epicaste,2
swine,2
agemate,2
hug,2
earthencircling,2
oats,2
require,2
prosperity,2
wandered,2
dining,2
jeering,2
hungry,2
glutton,2
crime,2
ossa,2
lighter,2
naked,2
encouraged,2
hiss,2
grieves,2
shaft,2
contrive,2
shifty,2
messages,2
applaud,2
nest,2
gibes,2
perimedes,2
relief,2
guided,2
hind,2
exquisitely,2
tower,2
shoulderblade,2
wooers,2
beached,2
slaughter,2
forewarn,2
gibe,2
faster,2
summits,2
idiot,2
deserve,2
separate,2
fasten,2
brass,2
pelias,2
alf,2
list,2
reins,2
deiphobus,2
advantageous,2
cruse,2
devoted,2
directions,2
fearfully,2
wretched,2
flay,2
wretches,2
wrestled,2
joints,2
merman,2
shady,2
style,2
forwards,2
pirates,2
lotuseater,2
oppressed,2
cleitus,2
forgive,2
throws,2
tempts,2
importunity,2
shrewd,2
clytoneus,2
reckon,2
stands,2
numberless,2
stubble,2
anvil,2
babble,2
instinctive,2
threats,2
sold,2
flies,2
spunging,2
flight,2
bachelors,2
styx,2
rim,2
currents,2
peopled,2
painless,2
cheek,2
starved,2
plotted,2
loading,2
separately,2
casks,2
undoing,2
vagabond,2
rows,2
phronius,2
cloth,2
usurp,2
lotuseaters,2
pyre,2
midocean,2
alder,2
noose,2
toils,2
enamoured,2
abominable,2
buffeted,2
shovel,2
eagles,2
sore,2
tay,2
heaving,2
goldsmith,2
sin,2
necklace,2
crowds,2
practice,2
eased,2
gossamer,2
overtake,2
hitherto,2
rovers,2
riches,2
levelled,2
combat,2
lampetie,2
filthy,2
ebb,2
righteously,2
boughs,2
grain,2
walk,2
fearful,2
pylian,2
largest,2
difficult,2
conceived,2
outcast,2
bending,2
cries,2
smite,2
smart,2
evenor,2
hosts,2
leader,2
murdered,2
weaving,2
sweat,2
besmirched,2
captains,2
breeding,2
alpheus,2
rotting,2
below,2
catching,2
ploughing,2
goodness,2
boot,2
goodlooking,2
aegis,1
increase,1
succession,1
whithers,1
thrace,1
tires,1
juryman,1
paphos,1
increasing,1
reports,1
pleiads,1
mote,1
heralded,1
successful,1
huntress,1
[on,1
plunges,1
bitterest,1
enchantress,1
phaedra,1
complaining,1
auger,1
damage,1
embellishments,1
shores,1
vase,1
calves,1
youths,1
sickening,1
aeolian,1
welcomed,1
dreamed,1
enquiring,1
lovingly,1
easier,1
enrich,1
disturb,1
throned,1
rudders,1
burial,1
series,1
whit,1
centaurs,1
re,1
stamping,1
assures,1
crowned,1
cimmerians,1
heading,1
competed,1
channels,1
xii,1
xix,1
frowned,1
freemen,1
runner,1
eagerly,1
itylus,1
reverence,1
consummate,1
marvel,1
departing,1
reclined,1
meetings,1
falsehoods,1
lessons,1
apace,1
bush,1
wiliness,1
unpropitious,1
hoeing,1
[let,1
pottering,1
pocket,1
altogether,1
nimblest,1
avenger,1
beechmast,1
dipping,1
hasten,1
disaster,1
unexpectedly,1
hammer,1
droves,1
xvi,1
score,1
claws,1
fruits,1
twinkling,1
tendons,1
debt,1
cur,1
argus,1
estates,1
ruthlessly,1
gleaming,1
halius,1
humming,1
grazing,1
stowing,1
disgracefully,1
quarrelling,1
superhuman,1
viii,1
millerwoman,1
taunts,1
trusted,1
damaged,1
toasted,1
tune,1
stillness,1
veils,1
javelins,1
sleeps,1
boatmen,1
disguise,1
succeeding,1
jumpers,1
butchering,1
obedient,1
milked],1
tyndarus,1
seaside,1
remind,1
polyneus,1
crown,1
crows,1
inhuman,1
plucked,1
individuals,1
summoned,1
pondered,1
bleared,1
overhear,1
bowing,1
hulking,1
sob,1
avail,1
eretmeus,1
perfumed,1
beech,1
eriphyle,1
safeguard,1
smashed,1
palm,1
dues,1
looms,1
gibbering,1
accounting,1
wellmated,1
ambrosial,1
actor,1
flood,1
slaves,1
intent,1
smelling,1
diadem,1
push,1
overturned,1
breadth,1
chain,1
hurl,1
hypereia,1
menservants,1
bribes,1
gloomy,1
mourn,1
stays,1
fretting,1
winejars,1
kneading,1
polytherses,1
accomplishment,1
insignificant,1
steaks,1
hippotas,1
coppers,1
address,1
persecuted,1
respite,1
bloody,1
flagging,1
undergone,1
cherished,1
originally,1
inflamed,1
believes,1
outhouses,1
evidently,1
vainly,1
wrongbut,1
misshapen,1
suck,1
murderess,1
lids,1
waggons,1
stress,1
eurybates,1
yielding,1
sh,1
swollen,1
dreamland,1
drunken,1
quarrelled,1
solitary,1
solace,1
kindnesses,1
petition,1
instantly,1
compelled,1
handiwork,1
sidon,1
fisherman,1
orphans,1
square,1
entering,1
abide,1
seriously,1
sintians,1
disrespect,1
scarred,1
modest,1
wanderers,1
massive,1
neglect,1
curiosity,1
ripping,1
occupy,1
shiver,1
convene,1
begotten,1
cheeseracks,1
goldenthroned,1
proving,1
ridiculous,1
siding,1
not],1
bedprop,1
luring,1
intends,1
knee,1
prayerfully,1
enamel,1
laws,1
walking,1
silverfooted,1
heeding,1
fibre,1
slow,1
aimlessly,1
equipped,1
dispute,1
straightforwardly,1
bowfancier,1
resource,1
resins,1
worries,1
sheathed,1
raged,1
hastened,1
rheithron,1
fierceness,1
wickedly,1
squeal,1
oust,1
goodliest,1
mane,1
expression,1
loveliest,1
twit,1
furthered,1
caring,1
companionship,1
almighty,1
practised,1
juts,1
consulted,1
straighter,1
confidently,1
endured,1
chamois,1
watersprinkling,1
brow,1
purse,1
limping,1
forebodings,1
motioned,1
barbed,1
asunder,1
costs,1
elysian,1
plumes,1
joyful,1
unerring,1
curveted,1
satisfactory,1
millerwomen,1
diving,1
noon,1
revenged,1
tubs,1
mead,1
fortunetelling,1
wolds,1
poise,1
disparaging,1
joyfully,1
menacingly,1
gerene,1
chivalry,1
wade,1
gnashing,1
slopes,1
yearned,1
plucks,1
reprimand,1
severally,1
purified,1
carved,1
lairs,1
ay,1
admiring,1
finelooking,1
beaks,1
accounts,1
tricky,1
sobbing,1
thorn,1
mass,1
consciences,1
caused,1
beware,1
landlocked,1
foggy,1
tail,1
puzzled,1
wayfarers,1
floated,1
olivewood,1
quicker,1
healed,1
poisonous,1
prevailed,1
erechtheus,1
escaping,1
hours,1
smartest,1
experience,1
action,1
perse,1
reclaimed,1
vii,1
cadmus,1
indoors,1
aeisthus,1
implore,1
morn,1
fragrance,1
gorgeous,1
hippodamia,1
spoils,1
prompt,1
eurymedusa,1
neglected,1
accept,1
heels,1
tapestry,1
tambourframe,1
impulse,1
bewailing,1
dismissed,1
glowing,1
cling,1
blotted,1
deafening,1
passages,1
pirithous,1
furthering,1
dawdle,1
brim,1
aegae,1
rapidly,1
scyros,1
it],1
firebrand,1
instruct,1
imagine,1
rises,1
strongbox,1
owners,1
prospered,1
gazed,1
rooted,1
patience,1
seanymphs,1
guess,1
threatening,1
flings,1
aver,1
warmly,1
xiv,1
beforehand,1
fireside,1
blueeyed,1
recognizing,1
swiftly,1
unused,1
darts,1
bustled,1
flits,1
exterminate,1
defended,1
freight,1
overwhelmed,1
telepylus,1
columns,1
beams,1
aetolian,1
harassing,1
growled,1
outlaw,1
sex,1
wellfound,1
spirits,1
unsettling,1
eumelus,1
premises,1
mastiffs,1
thou,1
emnity,1
offending,1
thon,1
loaf,1
gadfly,1
hollow,1
frosty,1
acceptance,1
champion,1
races,1
wheeled,1
funny,1
sardinian,1
mixingjugs,1
hotchpot,1
henchmen,1
stools,1
necessity,1
plagued,1
sandal,1
fitting,1
pillars,1
rangers,1
clutched,1
falcon,1
yields,1
disorder,1
privately,1
unsubstantial,1
flaying,1
stables,1
fireseed,1
hatchet,1
laerceus,1
forgave,1
repair,1
repaid,1
striven,1
harnessed,1
spending,1
bargaining,1
custom,1
thirdly,1
prowling,1
spat,1
impudent,1
fades,1
un,1
apiece,1
surfbeaten,1
likewise,1
haunt,1
graceful,1
naiads],1
puzzling,1
scraps,1
oblige,1
sided,1
valuables,1
oracle,1
lost],1
illjudged,1
mermerus,1
dainty,1
gossip,1
iii,1
alcippe,1
rejoined,1
anabesineus,1
dislike,1
carelessly,1
torture,1
continues,1
timely,1
detested,1
geraestus,1
athlete,1
mishap,1
enclosed,1
hereditary,1
twins,1
eurymus,1
rascally,1
poverty,1
consideration,1
seacrows,1
convoyed,1
sire,1
adze,1
disobey,1
mariners,1
equals,1
tools,1
confidence,1
recalling,1
eleven,1
irrepressible,1
doubling,1
midday,1
infamy,1
occurred,1
vainest,1
slid,1
reeds,1
lock,1
rode,1
panopeus,1
beckoned,1
syra,1
rods,1
paws,1
theyfor,1
mastor,1
intelligent,1
especial,1
singular,1
[near,1
tied,1
fits,1
marrow,1
rills,1
volunteers,1
boxing,1
casehardened,1
shudder,1
bolting,1
innermost,1
seawater,1
kiss,1
wallowing,1
undertaking,1
[the,1
tents,1
wander,1
softly,1
pylians,1
graze,1
tempt,1
scarf,1
yells,1
traverse,1
scent,1
vixen,1
hawk,1
behaved,1
interests,1
stomach,1
accompaniment,1
steel,1
kindlynatured,1
extraordinarily,1
chattels,1
tortures,1
steer,1
ingenious,1
trusting,1
poisons,1
gentle,1
messene,1
carding,1
therewith,1
twentytwo,1
device,1
innocent,1
messmates,1
mulius,1
atmosphere,1
bondsman,1
pause,1
quickened,1
jar,1
replenishing,1
muttering,1
lucky,1
wring,1
antagonist,1
stuff,1
deathlike,1
destiny,1
mien,1
fishfag,1
scrolls,1
rams,1
invites,1
chromius,1
conclude,1
pounced,1
dazzling,1
feather,1
crooktaloned,1
roasting,1
expounded,1
banish,1
uncertainty,1
vi,1
incense,1
ransom,1
bolder,1
fattening,1
infinity,1
identity,1
pleasantly,1
consciencestricken,1
compel,1
centrepost,1
thoosa,1
rooms,1
afflicted,1
practise,1
scoundrel,1
taunt,1
stooped,1
cedar,1
height,1
descendant,1
onion,1
redound,1
stalwart,1
shuddered,1
stagger,1
hemming,1
sinews,1
thief,1
choosing,1
springs,1
polycaste,1
transport,1
passion,1
drift,1
pressure,1
gained,1
whistled,1
slayer,1
watchman,1
wretchedly,1
convince,1
nurses,1
contribute,1
renowned,1
trials,1
forests,1
lamus,1
disfigure,1
incorrigible,1
repeat,1
colonized,1
skimmed,1
pacify,1
dolphins,1
lasted,1
searched,1
unspeakable,1
encouragingly,1
wakefully,1
sputtered,1
plaintive,1
embers],1
gobbled,1
pinch,1
quaking,1
bubbling,1
established,1
religious,1
toll,1
barleymeal,1
neat,1
crunch,1
pursuit,1
rigorously,1
polypus,1
highly,1
tydeus,1
reacfied,1
telemus,1
mightiest,1
abusing,1
aware,1
allies,1
eclipse,1
refusing,1
radiance,1
discomfits,1
amphilochus,1
vassal,1
unwarily,1
customs,1
law,1
leucas,1
freights,1
misconduct,1
brawling,1
choicest,1
feed],1
owned,1
bank,1
bolted,1
slavery,1
schemes,1
logs,1
dorians,1
overflow,1
gatherings,1
afield,1
orsilochus,1
slew,1
forty,1
unkempt,1
disputes,1
fastening,1
amazement,1
ormenus,1
writhing,1
footsteps,1
chopped,1
supposing,1
sidewind,1
airs,1
nooses,1
wastes,1
butchered,1
guild,1
scenes,1
guilt,1
manned,1
shoals,1
enchanted,1
sportsmen,1
subjects,1
luxury,1
maiden,1
circled,1
exercises,1
manifested,1
swamp,1
deeply,1
briskly,1
subtle,1
leisure,1
headlong,1
scrubbed,1
plumage,1
depends,1
caves,1
hebe,1
terms,1
travellers,1
cow,1
matrimony,1
pyriphlegethon,1
brag,1
cod,1
homesickness,1
groans,1
eyesight,1
melaneus,1
gratitude,1
chimneys,1
beloved,1
attacked,1
coherent,1
hoist,1
physician,1
mistake,1
deities,1
stint,1
descent,1
boasted,1
independent,1
musically,1
phrontis,1
singleness,1
ragged,1
tormenting,1
awed,1
repose,1
victim,1
adzed,1
chided,1
uncared,1
righteous,1
security,1
fellowcitizens,1
toys,1
denied,1
oenops,1
chaff,1
dined,1
prisoners,1
stumble,1
shuttles,1
tumblers,1
sovereign,1
bespatter,1
forgetful,1
dowry,1
captive,1
invincible,1
coverings,1
moly,1
goodnaturedly,1
scandalous,1
howling,1
xiii,1
twentyfour,1
disloyal,1
hathed,1
test,1
polite,1
draughts,1
diplomacy,1
winejug,1
horseback,1
foulmouthed,1
permanently,1
tusk,1
clymene,1
aeson,1
gut,1
regained,1
discover,1
niggardly,1
heaviness,1
shares,1
appeal,1
idothea,1
suckers,1
teaches,1
merriment,1
extra,1
market,1
sunium,1
fingered,1
naughtiness,1
cap,1
chastise,1
chalcis,1
dedicated,1
paused,1
recollect,1
foreboded,1
superintend,1
lifting,1
vomited,1
irrigate,1
heavenfed,1
displayed,1
aiding,1
polydamna,1
formerly,1
curly,1
selves,1
dreadfully,1
aforetime,1
feats,1
nod,1
introduce,1
tails,1
charring,1
provision,1
discuss,1
entirely,1
challenged,1
thyestes,1
goose,1
worthy,1
thirst,1
misled,1
seagod,1
marine,1
honest,1
outcry,1
sprawling,1
xi,1
xx,1
xv,1
silent,1
tusks,1
proclaimed,1
flowery,1
hoggets,1
discernment,1
dymas,1
blandishment,1
movingly,1
angel,1
interpretation,1
beggarly,1
price,1
lookers,1
tooth,1
tecton,1
claves,1
aethon,1
squalid,1
busily,1
coxswain,1
enriched,1
samuel,1
loath,1
sorrowfully,1
girdles,1
gleamed,1
sidonia,1
unmarried,1
shipwright,1
famine,1
namely,1
colours,1
[do,1
complexion,1
import,1
hurts,1
adraste,1
wheels,1
apheidas,1
muttered,1
lioness,1
cares,1
cared,1
toss,1
staring,1
exhaustion,1
baying,1
freebooters,1
roughing,1
yi,1
multitudes,1
angered,1
figures,1
gorging,1
thunderbolt,1
nobly,1
bondage,1
immeasurably,1
breezy,1
heaps,1
sweeping,1
wrecks,1
poias,1
westering,1
exult,1
stung,1
salutations,1
tenedos,1
using,1
reap,1
phaethon,1
rear,1
greeting,1
xviii,1
falsehood,1
cleanses,1
sixth,1
strained,1
sixty,1
sadder,1
chop,1
groan,1
pitcher,1
wellbuilt,1
bucket,1
countryfarm,1
crataiis,1
charlatan,1
nogood,1
marvellously,1
memnon,1
evenings,1
endeavors,1
peak,1
loyally,1
vines,1
repay,1
embracing,1
strings,1
godfearing,1
upholds,1
customary,1
espied,1
carpet,1
pledged,1
twothirds,1
clubbed,1
coloured,1
deficient,1
smith,1
arethusa,1
chuckle,1
steadying,1
witnesses,1
telephus,1
answers,1
grudged,1
hegoats,1
goodfornothing,1
whine,1
partaken,1
tritoborn,1
fatuous,1
hogs,1
trained,1
teach,1
injure,1
contains,1
erembians,1
girds,1
mysterious,1
injury,1
grimly,1
grill,1
thread,1
hermione,1
bathwoman,1
history,1
cornice,1
firmly,1
courts],1
unlucky,1
pheae,1
amphithea,1
gash,1
wellfitting,1
acquaintance,1
perjurer,1
bowshot,1
committed,1
labours,1
astonish,1
groping,1
vomit,1
desperately,1
elder,1
minstrels,1
thirteenth,1
talisman,1
taunted,1
wedlock,1
augers,1
enshrouded,1
dire,1
bask,1
bridegroom,1
undergo,1
quarreled,1
reflected,1
moorings,1
telamon,1
blossom,1
belongs,1
bowed,1
selling,1
tapestries,1
tunic,1
sty,1
udders,1
withered,1
urgently,1
alongside,1
sentences,1
adrift,1
cargoes,1
hired,1
raving,1
archers,1
tongs,1
cydonians,1
latest,1
grafted,1
flattery,1
stubbornness,1
circle,1
silverstudded,1
rekindle,1
vestibule,1
x,1
xxiii,1
plausibly,1
drenching,1
despatch,1
embarking,1
familiarity,1
pelasgi,1
poorer,1
adored,1
enchantments,1
boxers,1
hewn,1
manners,1
halosydne,1
damp,1
hylax,1
kilting,1
pace,1
yellowhaired,1
embroidered,1
confound,1
taygetus,1
hoar,1
belong,1
cleaning,1
decency,1
grind,1
schemer,1
grossly,1
flaming,1
exploits,1
quarters,1
lapithae,1
aloeus,1
throats,1
questioned,1
remaining,1
useless,1
march,1
game,1
wiser,1
pillar,1
manifest,1
provoking,1
crawled,1
translated,1
competitions,1
providence,1
waterloving,1
sweating,1
inconvenience,1
ache,1
shine,1
positive,1
pero,1
nonsense,1
polypemon,1
frost,1
pedestals,1
fishy,1
reek,1
hares,1
dull,1
skull,1
loving,1
chafes,1
ancestors,1
forgo,1
forge,1
nay,1
venerable,1
visits,1
drag,1
fainthearted,1
restrained,1
bleached,1
depth,1
avoid,1
evenly,1
stunned,1
giantess,1
illnatured,1
grieveance,1
muzzled,1
rattling,1
hive,1
enforce,1
booty,1
notwithstanding,1
sheepskin,1
ribald,1
cell,1
elect,1
believed,1
scythe,1
haunts,1
addresses,1
crag,1
agreeable,1
aeoli,1
depreciate,1
hied,1
charming,1
appointed,1
arched,1
pulling,1
sought,1
boasting,1
fatigue,1
crazed,1
unbreakable,1
mentioned,1
shewed,1
pins,1
handy,1
naiad,1
banqueting,1
quivered,1
unrighteously,1
special,1
illconditioned,1
tyndareus,1
shambles,1
attending,1
completely,1
drowning,1
hostile,1
confident,1
lances,1
maddened,1
loveliness,1
unsupported,1
bitch,1
stump,1
management,1
revealed,1
relations,1
shockingly,1
unsuspicious,1
thrashing,1
swindler,1
cravings,1
dumb,1
instance,1
thorns,1
connected,1
unwasted,1
awa,1
cheeringly,1
heaventaught,1
urn,1
upset,1
delos,1
elysium,1
affair,1
shoes,1
untimely,1
tire,1
baser,1
righteousness,1
tune],1
magistrate,1
reknowned,1
endless,1
ordain,1
preach,1
spotted,1
cuts,1
freeze,1
legacy,1
powder,1
cauconians,1
intending,1
allotted,1
comparable,1
munching,1
hurrying,1
thrushes,1
daughtersinlaw,1
mage,1
aslant,1
shingle,1
muses,1
admit,1
estimation,1
woodnymphs,1
wills,1
noiselessly,1
welltilled,1
limbo,1
owns,1
surface,1
ind,1
swinging,1
bondman,1
pharos,1
obstacles,1
pieria,1
mistaken,1
spells,1
kick,1
devised,1
crushed,1
wooer,1
amply,1
fleas,1
necessary,1
glare,1
shovelled,1
belonged,1
steaming,1
oakshoots,1
coated,1
centaur,1
instinct,1
refuge,1
fuddle,1
maera,1
withholds,1
doubtless,1
weeps,1
notices,1
inspiration,1
hazardous,1
fountains,1
prophecies,1
projecting,1
court],1
kisses,1
authority,1
grunted,1
pestilence,1
persistent,1
betterlooking,1
trodden,1
contained,1
fairhaired,1
fists,1
halios,1
warble,1
polites,1
laurels,1
companies,1
wellfenced,1
mansion,1
unskilled,1
net,1
screams,1
battledore,1
interpret,1
twohandled,1
suitable,1
menial,1
intrigue,1
pramnian,1
slices,1
beak,1
bedposts,1
watering,1
recommend,1
calf,1
supporters,1
wars,1
warp,1
hellhound,1
ward,1
gossiping,1
defer,1
shelving,1
aurora,1
aboard,1
spellproof,1
owls,1
goodbye,1
plied,1
exhorted,1
foresaw,1
befall,1
differently,1
donors,1
poised,1
hardships,1
drowsiness,1
sleepless,1
mistrust,1
bone,1
oninlaw,1
principles,1
forgot,1
shirking,1
merchants,1
unbound,1
sluts,1
reader,1
grease,1
resume,1
shaggy,1
eurytion,1
wronged,1
comforted,1
dwelt,1
hawks,1
soothsayer,1
compunction,1
feathers,1
tokens,1
soonest,1
enabled,1
spoiled,1
persuasive,1
quench,1
clouts,1
acastus,1
gewgaws,1
laughterloving,1
breathes,1
competitors,1
points,1
breathed,1
annoyed,1
selected,1
hunger,1
visitor,1
liberty,1
judges,1
thonghole,1
debts,1
cripple,1
xvii,1
bat,1
thrusts,1
bay,1
traversed,1
cower,1
grilled,1
enchant,1
decides,1
prophesy,1
blameless,1
generall,1
subject,1
embroidery,1
lazy,1
wears,1
ome,1
vows,1
picking,1
suggested,1
eyeball,1
gushed,1
steersman,1
proceeded,1
commission,1
interest,1
brandishing,1
quantities,1
chill,1
exception,1
topes,1
anchor,1
ix,1
iv,1
ii,1
sever,1
growl,1
broadbrowed,1
kil,1
thoughts,1
provisioned,1
changes,1
punishment,1
resuming,1
givers,1
inextinguishable,1
yes,1
royal,1
trippingly,1
ducts,1
discreet,1
destroy,1
feelings,1
uncivil,1
performing,1
vilest,1
prating,1
lowlying,1
notorious,1
malean,1
thistledown,1
overhung,1
platters,1
straightening,1
strife,1
undisturbed,1
collect,1
erymanthus,1
subscriptions,1
conceal,1
ribs,1
palisade,1
afternoon,1
scalded,1
illustrious,1
lowering,1
starve,1
powerfully,1
penned,1
fort,1
stages,1
temper,1
sticks,1
covert,1
covers,1
awhile,1
unholy,1
sling,1
fruitlessly,1
uneaten,1
restored,1
eldest,1
invent,1
abundant,1
praises,1
fancies,1
swoon,1
leucothea,1
swoop,1
understandend,1
defying,1
advised,1
dim,1
lampus,1
excellency,1
dig,1
dia,1
travels,1
banishes,1
excellence,1
shave,1
pendants,1
wherefore,1
drunkard,1
growls,1
wain,1
stallion,1
deceit,1
box,1
bruises,1
everliving,1
priceless,1
bruised,1
sharper,1
sharing,1
acceptable,1
alector,1
orator,1
capturing,1
walled,1
avoiding,1
simpletons,1
freighting,1
tatters,1
loaves,1
swayed,1
perfidy,1
piloted,1
recoup,1
shake,1
group,1
maia,1
tillage,1
truest,1
heedless,1
housetop,1
leda,1
craftily,1
gird,1
befell,1
aloof,1
whirlwinds,1
hemmed,1
greeks,1
stench,1
lag,1
sideways,1
peacefulness,1
miscreants,1
contented,1
blacksmith,1
assuredly,1
scandalized,1
boethous,1
rivets,1
thoughtless,1
bloodshed,1
iphimedeia,1
bootes,1
curdled,1
enipeus,1
wellfilled,1
cassandra,1
squat,1
drubbing,1
answering,1
channel,1
comings,1
track,1
tallied,1
fills,1
otus,1
gracefully,1
tithonus,1
womankind,1
shot,1
bedside,1
shod,1
phaethusa,1
shoo,1
storms,1
impunity,1
vainglory,1
bringer,1
hailed,1
sisyphus,1
harbinger,1
anticlea,1
finishing,1
handleholes,1
worrying,1
silently,1
declared,1
doings,1
declares,1
twentyoared,1
camping,1
august,1
tug,1
tour,1
dwellers,1
reigns,1
goodhumouredly,1
capable,1
certify,1
cyllene,1
lustily,1
odyssey,1
yearling,1
divined,1
promising,1
cnossus,1
rubbing,1
strait,1
dangerously,1
affected,1
pat,1
woodland,1
munch,1
climbing,1
drain,1
largely,1
shameful,1
pacified,1
stoutest,1
sights,1
iasian,1
housemaids,1
quells,1
pile,1
swooning,1
grip,1
mow,1
reddened,1
mob,1
antlered,1
gossips,1
indisputable,1
miraculous,1
bewitched,1
squally,1
ascends,1
fulfil,1
witchcraft,1
megara,1
princely,1
forgoing,1
moderate,1
chloris,1
squall,1
acroneos,1
whiter,1
oxthong,1
amassed,1
brute,1
euanthes,1
crimes,1
acre,1
dowered,1
downstairs,1
hyperesia,1
ponteus,1
telepylos,1
kinsman,1
affection,1
rapids,1
roofbeams,1
tripods,1
tackle,1
equitable,1
prudent,1
hugely,1
levers,1
worms,1
sunk,1
invariably,1
talks,1
hullabalooing,1
hooks,1
bevy,1
prodigies,1
scout,1
reminding,1
banquetingcloister,1
cechalianmen,1
favourably,1
ranges,1
favourable,1
seahorses,1
stretching,1
fatten,1
themis,1
clapping,1
emptied,1
aptitude,1
sanction,1
readily,1
maron,1
wiped,1
aglow,1
hour,1
cluster,1
sucks,1
dew,1
den,1
marble,1
bravely,1
eteocretans,1
purchased,1
pressing,1
pigshead,1
charms,1
blear,1
questioning,1
bleak,1
orchard,1
frenzy,1
dragon,1
backstay,1
excepted,1
ceres,1
singeing,1
displease,1
dmetor,1
famished,1
squaring,1
lookout,1
pollux,1
males,1
noticing,1
huddle,1
ashen,1
furtherance,1
ripple,1
flowed,1
stewards,1
crouched,1
louts,1
backed,1
rejects,1
ceteians,1
wither,1
pilots,1
embraces,1
netted,1
ilithuia,1
embraced,1
wages,1
cypresswood,1
smoothed,1
acorns,1
excels,1
contrary,1
lifts,1
easygoing,1
eurypylus,1
services,1
giggling,1
teems,1
riverhood,1
warful,1
noblest,1
relation,1
frisking,1
dividing,1
nervous,1
[that,1
aetes,1
defiled,1
illbehaved,1
batten,1
cheaper,1
doubled,1
fledged,1
beautified,1
tended,1
halves,1
esconced,1
floats,1
consume,1
simple,1
ravages,1
newborn,1
dances,1
simply,1
consuming,1
longsuffering,1
snaring,1
bondwoman,1
gat,1
solid,1
misconducting,1
meadowsweet,1
sobs,1
shunning,1
discourse,1
complaints,1
leopard,1
infused,1
timid,1
minstrelsy,1
supersede,1
withdraw,1
entry,1
asphalion,1
irritable,1
timber,1
pleasuring,1
overtook,1
snap,1
bridal,1
saluted,1
trangers,1
maidservant,1
messengers,1
salutes,1
phthia,1
transgress,1
valleys,1
absolutely,1
ornaments,1
scale,1
pelt,1
decision,1
patient,1
squalls,1
continuing,1
untilled,1
pollution,1
vaulted,1
pounded,1
[wandering],1
directed,1
groove,1
expedition,1
stripped,1
ourblood,1
cure,1
dispensation,1
pails,1
ogres,1
lend,1
papa,1
utterly,1
lent,1
ariadne,1
highhandedly,1
jason,1
bloodlessly,1
compose,1
smartlooking,1
arrayed,1
iniquity,1
knight,1
crop,1
nests,1
entered],1
alybas,1
nimbly,1
baring,1
nimble,1
packing,1
sink,1
dissuade,1
remark,1
talent,1
stalks,1
tantalus,1
gortyn,1
amythaon,1
limp,1
methought,1
amnisus,1
conversing,1
butler,1
billet,1
unbelieving,1
harvest,1
swooping,1
nauteus,1
lamb,1
noised,1
lamp,1
reeking,1
carvers,1
neighbor,1
seatearing,1
chasing,1
greyeyed,1
despite,1
arnaeus,1
braggart,1
cudgel,1
stepped,1
pangs,1
descendants,1
dam,1
spell,1
mention,1
slacken,1
blazing,1
jailor,1
parties,1
burdened,1
incensed,1
defend,1
wholly,1
shadiest,1
likelihood,1
paunches,1
savour,1
artacia,1
braces,1
chased,1
lamentably,1
agonies,1
perforce,1
iphthime,1
flashed,1
lover,1
gambol,1
threefold,1
tidy,1
tide,1
curved,1
precipice,1
ramping,1
mooring,1
oedipodes,1
leanto,1
firelight,1
byblus,1
wherewith,1
stranded,1
absurd,1
outlive,1
pelion,1
festooned,1
madman,1
inferior,1
yelps,1
perfection,1
swiftest,1
thrives,1
gorgon,1
sweetmeats,1
exploited,1
pattern,1
stormwinds,1
brunt,1
itbut,1
nudged,1
nightfall,1
disport,1
lookerson,1
freely,1
assure,1
glorious,1
unfold,1
commend,1
seasoned,1
citadel,1
goatherds,1
angles,1
homer,1
bedsteads,1
homed,1
unsewn,1
weighed,1
terrorstruck,1
partner,1
whirl,1
meatbasket,1
shuttle,1
sisters,1
hoo,1
eurydice,1
overshadowed,1
sets,1
wreckage,1
stores,1
discreditable,1
bragging,1
lake,1
raven,1
wink,1
success,1
works,1
heel,1
hurryskurrying,1
eperitus,1
corpse,1
chaunted,1
snapped,1
raiding,1
iolcus,1
certainty,1
tomb,1
tome,1
fourwheeled,1
closein,1
wellripened,1
brides,1
buy,1
brand,1
tilled,1
stratagems,1
princes,1
flit,1
warmth,1
pin,1
deaths,1
oam,1
blighting,1
detain,1
dresses,1
dresser,1
evermore,1
poorly,1
poorest,1
patched,1
rankle,1
whatsoever,1
merchant,1
conjecture,1
prowls,1
softened,1
psyra,1
discthrowing,1
excelled,1
surrounding,1
shining,1
revellers,1
abides,1
cocytus,1
hundreds,1
beck,1
temesa,1
midway,1
ventured,1
straw,1
visibly,1
visible,1
breathe,1
barbarous,1
befriended,1
unmeasurable,1
trill,1
ent,1
charging,1
scion,1
lump,1
jumping,1
stronghold,1
reechoed,1
untold,1
outshine,1
entrances,1
expectations,1
entranced,1
descend,1
encirclest,1
monarch,1
disreputable,1
boarhounds,1
shadows,1
swaying,1
filling,1
fullerhanded,1
hanged,1
clothe,1
newly,1
carcass,1
rail,1
fret,1
grassed,1
perching,1
unbroken,1
ceiling,1
cormorant,1
abated,1
reclining,1
flame,1
rag,1
drip,1
propitious,1
salmoneus,1
commanding,1
constancy,1
treats,1
entertaining,1
bait,1
sage,1
neaera,1
sicania,1
crossbeams,1
hawser,1
peasants,1
refreshment,1
disgust,1
ruing,1
anxiously,1
onwhich,1
fivepronged,1
farther,1
strainers,1
resist,1
warcry,1
ocyalus,1
fishlike,1
welllooking,1
grandmother,1
mud,1
hellespont,1
neritus,1
bellowing,1
herding,1
latesetting,1
peoplegadding,1
rime,1
phylacus,1
jelly,1
distinguished,1
games,1
vexed,1
conference,1
becalmed,1
bees,1
captives,1
anchors,1
drugs,1
rowers,1
xxi,1
bandying,1
parched,1
wellsewn,1
appalling,1
unsavoury,1
whitened,1
lusty,1
aeetes,1
greeted,1
unyielding,1
greatest,1
sonsinlaw,1
appease,1
dearer,1
meanly,1
pitiful,1
scruple,1
swill,1
hunt,1
pheres,1
willows,1
usher,1
contests,1
nobleman,1
loins,1
marauders,1
damask,1
fatherinlaw,1
permitted,1
lavishly,1
obtaining,1
bats,1
rely,1
inlaying,1
virgin,1
[a,1
purposely,1
heal,1
freshrisen,1
heinous,1
pricked,1
removed,1
sponge,1
flavour,1
bids,1
loitering,1
prematurely,1
adorn,1
furs,1
willingly,1
charioteer,1
pledging,1
eternity,1
discharge,1
longed,1
thoon,1
alternatives,1
youngster,1
eaglebeaked,1
rot,1
glittered,1
comfortingly,1
cool,1
yourleave,1
solymi,1
feat,1
dissipated,1
boast,1
expressly,1
mimicked,1
prymneus,1
criers,1
threes,1
islet,1
vivid,1
wrecking,1
wrongs,1
lintel,1
smeared,1
riot,1
drown,1
sheds,1
naiads,1
propitiation,1
inheritance,1
secured,1
speaks,1
begs,1
levy,1
clattered,1
ithacus,1
true],1
branches,1
succeeded,1
abhorred,1
chalice,1
platform,1
lonely,1
freshly,1
conversations,1
gushing,1
escorting,1
clutch,1
pillaged,1
alcandra,1
tidily,1
ultimately,1
intercourse,1
infuriated,1
treading,1
overflowing,1
ctesius,1
virtues,1
unfriendly,1
skillfully,1
motion,1
unborn,1
widow,1
weakling,1
arybas,1
eurymedon,1
soaring,1
array,1
returns,1
bounty,1
hue,1
mangers,1
paeeon,1
rent,1
marathon,1
wanderer,1
snowy,1
resembling,1
sundry,1
aspen,1
falls,1
cheap,1
dirge,1
hack,1
painlessly,1
antiope,1
gull,1
incessantly,1
hooting,1
horrible,1
expectation,1
savoury,1
panicstricken,1
picnic,1
violated,1
smiling,1
professed,1
invoked,1
crooked,1
acheron,1
cheerfulness,1
weapons,1
arrival,1
rumours,1
disrespectfully,1
harshly,1
kicking,1
utterance,1
duty,1
hunched,1
resentment,1
pole,1
atrociously,1
unharnessed,1
shuddering,1
peaceful,1
blessing,1
concubine,1
cythera,1
robber,1
someone,1
disrespectful,1
granted,1
reminded,1
trip,1
ethiopia,1
sucker,1
events,1
persons,1
decently,1
delicate,1
vowed,1
weet,1
weakened,1
sinned,1
maltreated,1
thoas,1
desolate,1
tip,1
perilous,1
hint,1
lets,1
flashing,1
kingdom,1
fireeater,1
exiles,1
shipwrights,1
sternly,1
reduced,1
provided,1
strangling,1
freed,1
earlier,1
om,1
jeer,1
nods,1
determine,1
calamities,1
strictly,1
nakedness,1
vested,1
rouse,1
artisans,1
tiptoe,1
battlements,1
spends,1
rubbed,1
splendours,1
briefly,1
souls,1
dishonour,1
bounded,1
aeacus,1
gunwale,1
odds,1
andraemon,1
racecourses,1
lack,1
secondrate,1
dish,1
wanton,1
minyan,1
dairy,1
bubbled,1
gainsay,1
shipboard,1
grandfather,1
breakers,1
design,1
bully,1
rascal,1
eminent,1
fathoms,1
sup,1
multitude,1
foresworn,1
behaviour,1
egging,1
allows,1
horrified,1
stiffness,1
scowling,1
xaging,1
solitude,1
refitting,1
seaward,1
likeminded,1
autonoe,1
waxed,1
hissed,1
portended,1
v,1
protects,1
swung,1
offspring,1
speeding,1
thawed,1
indomitable,1
precepice,1
artful,1
shade,1
mission,1
outraged,1
glide,1
clashed,1
roving,1
bout,1
alighting,1
communities,1
iardanus,1
intolerably,1
ashwood,1
pleasanter,1
colder,1
stilled,1
wager,1
truebegotten,1
hilt,1
imploring,1
health,1
recline,1
shabbylooking,1
attendant,1
bushes,1
withies,1
threat,1
consequence,1
relate,1
euryades,1
sympathy,1
sailor,1
passer,1
moan,1
coasts,1
attendants,1
ephialtes,1
convinced,1
scabbard,1
outrageous,1
oaken,1
cleaned,1
weltering,1
[in,1
measures,1
seasons,1
measured,1
soared,1
notch,1
gruesome,1
gilded,1
betray,1
hip,1
elatus,1
hie,1
suckling,1
bare,1
crunching,1
betrayed,1
sheathe,1
nericum,1
dun,1
illumined,1
affectionate,1
calls,1
earnestly,1
stolen,1
leans,1
rid,1
voyaging,1
widely,1
paths,1
arrived,1
lower,1
alcmaeon,1
chickens,1
lording,1
precedence,1
prince,1
tamed,1
moody,1
nipple,1
breeder,1
litter,1
prow,1
roundly,1
disguising,1
crouni,1
handled,1
mingled,1
frightful,1
stricken,1
hatred,1
fluttering,1
bleeds,1
warmed,1
mantles,1
conceivable,1
raisins,1
interceded,1
filed,1
arter,1
beguiling,1
roared,1
warning,1
neglecting,1
backs,1
mock,1
suffers,1
happier,1
goatskins,1
periclymenus,1
outbuildings,1
wrestle,1
issued,1
alien,1
overlap,1
cases,1
xxii,1
peering,1
languages,1
obstinate,1
stable,1
xxiv,1
breathing,1
deals,1
abominably,1
folds,1
wrestling,1
malice,1
fold,1
plead,1
ungrafted,1
appeased,1
cubits,1
townspeople,1
simpleton,1
proreus,1
apt,1
lodging,1
creon,1
rarest,1
impress,1
linger,1
sicels,1
ordained,1
patron,1
mowing,1
spying,1
terpes,1
rapt,1
recklessly,1
shegoats,1
provoke,1
fortunate,1
hurdles,1
leocritus,1
misgave,1
dryrotted,1
abuse,1
readiness,1
straps,1
interrupted,1
budge,1
honestly,1
beauties,1
stamped,1
damsel,1
beguile,1
dearest,1
superior,1
dogfish,1
bye,1
pitying,1
unshaken,1
forenoon,1
remove,1
proclaim,1
goatskin,1
plaguing,1
thrifty,1
supports,1
despairing,1
pours,1
anyhow,1
uproot,1
undid,1
unknown,1
avengers,1
boil,1
noses,1
boring,1
abetting,1
frugal,1
unaccountable,1
violets,1
woebegone,1
sceptrebearing,1
bough,1
admittance,1
outward,1
twittering,1
alarmed,1
bellied,1
purely,1
serving,1
utter,1
nearer,1
asteris,1
icmalius,1
indignant,1
spun,1
massacre,1
enthroned,1
enlisting,1
vied,1
nightingale,1
view,1
ogre,1
violet,1
closer,1
clymenus,1
tending,1
centrepiece,1
clansmen,1
grounds,1
procris,1
torments,1
mimas,1
unspoken,1
divinely,1
bedded,1
cypress,1
thrusting,1
shuttlecock,1
gnawing,1
wily,1
ringing,1
apprehend,1
bowels,1
peloponnese,1
inch,1
seaking,1
warming,1
unsown,1
firstly,1
breaker,1
recollection,1
misbehaved,1
danced,1
rapid,1
tawny,1
wont,1
presume,1
safest,1
lengthways,1
feigned,1
clamoured,1
tauntingly,1
wonders,1
argo,1
promontory,1
growth,1
privateering,1
leaf,1
blubbering,1
leap,1
earrings,1
unwearying,1
poets,1
leiocritus,1
slut,1
urges,1
owe,1
brambles,1
[into,1
fawning,1
intention,1
luxuriantly,1
cliff,1
naubolus,1
embolden,1
stirring,1
bewail,1
eagerness,1
dearth,1
kneaded,1
mutual,1
gobbets,1
branch,1
frustrate,1
risked,1
asopus,1
ranks,1
messenians,1
sleeves,1
